Exchange Name,Exchange Acronym,Exchange Mic Code,Country,Currency,Time Zone,Open Time,Close Time
Jakarta Futures Exchange (bursa Berjangka Jakarta),BBJ,XBBJ,Indonesia,Indonesian Rupiah,Asia/Jakarta, 09:00, 17:30
Asx - Trade24,SFE,XSFE,Australia,Australian Dollar,Australia/Melbourne, 10:00, 16:00
Cboe Edga U.s. Equities Exchange Dark,EDGADARK,EDGD,United States,United States Dollar,America/New_York, 09:30, 16:00
Clear Street,CLST,CLST,United States,United States Dollar,America/New_York, 09:30, 16:00
Wall Street Access Nyc,WABR,WABR,United States,United States Dollar,America/New_York, 09:30, 16:00
Marex Spectron Europe Limited - Otf,MSEL OTF,MSEL,Ireland,Euro,Europe/Dublin, 08:00, 16:30
Borsa Italiana Equity Mtf,BITEQMTF,MTAH,Italy,Euro,Europe/Rome, 09:00, 17:25
Clearcorp Dealing Systems India Limited - Astroid,ASTROID,ASTR,India,Indian Rupee,Asia/Kolkata, 09:15, 15:30
Memx Llc Equities,MEMX,MEMX,United States,United States Dollar,America/New_York, 09:30, 16:00
Natixis - Systematic Internaliser,NATX,NATX,France,Euro,Europe/Paris, 09:00, 17:30
Currenex Ireland Mtf - Rfq,CNX MTF,ICXR,Ireland,Euro,Europe/Dublin, 08:00, 16:30
Neo Exchange - Neo-l (market By Order),NEO-L,NEOE,Canada,Canadian Dollar,America/Montreal, 09:30, 16:00
Polish Trading Point,PTP,PTPG,Poland,Polish Zloty,Europe/Warsaw, 09:00, 17:35
Pfts Stock Exchange,PFTS,PFTS,Ukraine,Ukrainian Hryvnia,Europe/Kiev, 10:00, 17:30
Cboe Australia - Transferable Custody Receipt Market,CHI-X,CXAR,Australia,Australian Dollar,Australia/Melbourne, 10:00, 16:00
"Essex Radez, Llc",GLPS,GLPS,United States,United States Dollar,America/New_York, 09:30, 16:00
London Metal Exchange,LME,XLME,United Kingdom,British Pound Sterling,Europe/London, 08:00, 16:00
Multi Commodity Exchange Of India Ltd.,MCX,XIMC,India,Indian Rupee,Asia/Kolkata, 09:15, 15:30
Cassa Di Compensazione E Garanzia Spa - Ccp Agricultural Commodity Derivatives,CCGAGRIDER,CGGD,Italy,Euro,Europe/Rome, 09:00, 17:25
Toronto Stock Exchange - Drk,TSX DRK,XDRK,Canada,Canadian Dollar,America/Montreal, 09:30, 16:00
Chicago Mercantile Exchange,CME,XCME,United States,United States Dollar,America/New_York, 09:30, 16:00
Neo Connect,NEO CONNECT,NEOC,Canada,Canadian Dollar,America/Montreal, 09:30, 16:00
Ubs Ats,UBS ATS,UBSA,United States,United States Dollar,America/New_York, 09:30, 16:00
Athens Exchange - Apa,ATHEX APA,AAPA,Greece,Euro,Europe/Athens, 10:15, 17:20
Bny Mellon - Systematic Internaliser,BNYM,BKLF,United Kingdom,British Pound Sterling,Europe/London, 08:00, 16:00
Bank Of Montreal - London Branch - Systematic Internaliser,BMO,BMLB,United Kingdom,British Pound Sterling,Europe/London, 08:00, 16:00
Financial Information Contributors Exchange,FICONEX,FICX,Germany,Euro,Europe/Berlin, 08:00, 20:00
Abn Amro Clearing Bank - Systematic Internaliser,AACB SI,ABNC,Netherlands,Euro,Europe/Amsterdam, 09:00, 17:40
Credit Industriel Et Commercial - Systematic Internaliser,CIC,CMCI,France,Euro,Europe/Paris, 09:00, 17:30
Posit Rfq,RFQ,XRFQ,Ireland,Euro,Europe/Dublin, 08:00, 16:30
Aquis Exchange Plc,AQX,AQXE,United Kingdom,British Pound Sterling,Europe/London, 08:00, 16:00
Financial And Risk Transactions Services Ireland Limited - Fxall Rfs Mtf,FRTSIL,FXRS,Ireland,Euro,Europe/Dublin, 08:00, 16:30
Berenberg Fixed Income Uk - Systematic Internaliser,BGFU,BGFU,United Kingdom,British Pound Sterling,Europe/London, 08:00, 16:00
National Bank Financial Inc. - Systematic Internaliser,NBF,NBFL,United Kingdom,British Pound Sterling,Europe/London, 08:00, 16:00
Jpbx,JPBX,JPBX,United States,United States Dollar,America/New_York, 09:30, 16:00
"Miax Pearl, Llc",MPRL,MPRL,United States,United States Dollar,America/New_York, 09:30, 16:00
Canadian Securities Exchange,CSE LISTED,XCNQ,Canada,Canadian Dollar,America/Montreal, 09:30, 16:00
"Two Sigma Securities, Llc",SOHO,SOHO,United States,United States Dollar,America/New_York, 09:30, 16:00
Currenex Ldfx,CX LDFX,LCUR,United Kingdom,British Pound Sterling,Europe/London, 08:00, 16:00
"Puma Capital, Llc - Options",PUMA,PUMX,United States,United States Dollar,America/New_York, 09:30, 16:00
Virtual Auction Global Markets - Mtf,VAGM MTF,VAGM,United Kingdom,British Pound Sterling,Europe/London, 08:00, 16:00
"Miami International Holdings, Inc.",MIHI,MIHI,United States,United States Dollar,America/New_York, 09:30, 16:00
Cboe  Europe - Lis Service,CBOE  LIS,LISX,United Kingdom,British Pound Sterling,Europe/London, 08:00, 16:00
Global Securities Exchange,GSX,XGSX,United Kingdom,British Pound Sterling,Europe/London, 08:00, 16:00
Tw Sef Llc,TWSEF,TWSF,United States,United States Dollar,America/New_York, 09:30, 16:00
"Gtx Sef, Llc",GTX,GTXS,United States,United States Dollar,America/New_York, 09:30, 16:00
Freight Investor Services Limited,FIS,FISU,United Kingdom,British Pound Sterling,Europe/London, 08:00, 16:00
Mercado De Valores De Buenos Aires S.a.,MERVAL,XMEV,Argentina,Argentine Peso,America/Argentina/Buenos_Aires, 11:00, 17:00
Electricity Day-ahead Market,EXIST,XEDA,Turkey,Turkish Lira,Asia/Istanbul, 09:00, 17:30
Emerging Markets Bond Exchange Limited,EMBX,EMBX,United Kingdom,British Pound Sterling,Europe/London, 08:00, 16:00
Six Swiss Bilateral Trading Platform For Structured Otc Products,SIX,XBTR,Switzerland,Swiss Franc,Europe/Zurich, 09:00, 17:30
Minneapolis Grain Exchange,MGE,XMGE,United States,United States Dollar,America/New_York, 09:30, 16:00
Svenska Handelsbanken Ab - Svex,SVEX,SVEX,Sweden,Swedish Krona,Europe/Oslo, 09:00, 16:30
Global Derivatives Exchange,GDX,XGDX,United Kingdom,British Pound Sterling,Europe/London, 08:00, 16:00
Bnp Paribas Securities Services London Branch - Systematic Internaliser,BP2S LB SI,BSPL,United Kingdom,British Pound Sterling,Europe/London, 08:00, 16:00
Cboe Europe Equities - European Equities (nl),CBOE EUROPE B.V.,CCXE,Netherlands,Euro,Europe/Amsterdam, 09:00, 17:40
Bnp Paribas Sa - Systematic Internaliser,BNPP SA SI,BNPS,France,Euro,Europe/Paris, 09:00, 17:30
Tradegate Exchange - Systematic Internaliser,TGAG,TGSI,Germany,Euro,Europe/Berlin, 08:00, 20:00
Exane Bnp Paribas,EXEU,EXEU,United Kingdom,British Pound Sterling,Europe/London, 08:00, 16:00
Liquidnet H20,LQNT H20,LIQH,United Kingdom,British Pound Sterling,Europe/London, 08:00, 16:00
New York Portfolio Clearing,NYPC,NYPC,United States,United States Dollar,America/New_York, 09:30, 16:00
Gemma (gilt Edged Market Makersâ€™association),GEMMA,GEMX,United Kingdom,British Pound Sterling,Europe/London, 08:00, 16:00
Hudson River Trading (hrt),HRT,HRTF,United States,United States Dollar,America/New_York, 09:30, 16:00
Santander Uk - Systematic Internaliser,SNUK,SNUK,United Kingdom,British Pound Sterling,Europe/London, 08:00, 16:00
Aquis Exchange Plc Aquis - Eix Infrastructure Bond Market,AQUIS-EIX,EIXE,United Kingdom,British Pound Sterling,Europe/London, 08:00, 16:00
Henex S.a.,HENEX,HEMO,Greece,Euro,Europe/Athens, 10:15, 17:20
Jane Street Financial Ltd - Systematic Internaliser,JSF,JSSI,United Kingdom,British Pound Sterling,Europe/London, 08:00, 16:00
Securitised Derivatives Market,SEDEX,SEDX,Italy,Euro,Europe/Rome, 09:00, 17:25
Rivercross Dark,RIVERX,RICD,United States,United States Dollar,America/New_York, 09:30, 16:00
Bank Polska Kasa Opieki S.a. - Systematic Internaliser,PEKAO,PKOP,Poland,Polish Zloty,Europe/Warsaw, 09:00, 17:35
Xtend,XTND,XTND,Hungary,Hungarian Forint,Europe/Budapest, 09:00, 17:00
The Green Stock Exchange - Acb Impact Markets,GSE,GRSE,United Kingdom,British Pound Sterling,Europe/London, 08:00, 16:00
Susquehanna International Securities Limited - Systematic Internaliser,SISI,SISI,Ireland,Euro,Europe/Dublin, 08:00, 16:30
"Banque Et Caisse D'epargne De L'etat, Luxembourg - Bcee - Systematic Internaliser",BCEE,BCEE,Luxembourg,Euro,Europe/Luxembourg, 09:00, 17:35
Merrill Lynch International - Rfq - Systematic Internaliser,MLI,MLRQ,United Kingdom,British Pound Sterling,Europe/London, 08:00, 16:00
Westpac Banking Corporation - Systematic Internaliser,WBC SI,WSIN,United Kingdom,British Pound Sterling,Europe/London, 08:00, 16:00
Bulgarian Stock Exchange - Alternative Market,BSE,ABUL,Bulgaria,Bulgarian Lev,Europe/Sofia, 10:10, 16:55
Gfi Securities Llc - Creditmatch (latg),LATG,LATG,United States,United States Dollar,America/New_York, 09:30, 16:00
Italian Derivatives Market,IDEM,XDMI,Italy,Euro,Europe/Rome, 09:00, 17:25
Hudson River Trading,HRT,HRTX,United States,United States Dollar,America/New_York, 09:30, 16:00
Nex Sef Mtf - Reset - Risk Mitigation Services,NSL,REST,United Kingdom,British Pound Sterling,Europe/London, 08:00, 16:00
Banque Internationale A Luxembourg S.a. - Systematic Internaliser,BIL,BILU,Luxembourg,Euro,Europe/Luxembourg, 09:00, 17:35
"Liquidnet, Inc.",LQNT,LIUS,United States,United States Dollar,America/New_York, 09:30, 16:00
Bnp Paribas Securities Services - Systematic Internaliser,BP2S,BPSX,France,Euro,Europe/Paris, 09:00, 17:30
Ice Endex European Gas Spot,ICE ENDEX SPOT,NDXS,Netherlands,Euro,Europe/Amsterdam, 09:00, 17:40
Memx Llc Dark,MEMXDARK,MEMD,United States,United States Dollar,America/New_York, 09:30, 16:00
Societe Generale - Systematic Internaliser,SG SI,XSGA,France,Euro,Europe/Paris, 09:00, 17:30
Level Ats - Vwap Cross,LEVEL,EBXV,United States,United States Dollar,America/New_York, 09:30, 16:00
"Wells Fargo Securities Europe, S.a.",WFSE,WFSE,France,Euro,Europe/Paris, 09:00, 17:30
Bnp Paribas Sa London Branch - Systematic Internaliser,BNPP SA LB SI,BNPL,United Kingdom,British Pound Sterling,Europe/London, 08:00, 16:00
Warsaw Stock Exchange/indices,GPWB,WIND,Poland,Polish Zloty,Europe/Warsaw, 09:00, 17:35
Bank Of America - Merrill Lynch Instinct X Ats,MLIX,BAML,United States,United States Dollar,America/New_York, 09:30, 16:00
Cboe Europe - Regulated Market Dark Book,CBOE  REGM DARK,BARK,United Kingdom,British Pound Sterling,Europe/London, 08:00, 16:00
Seed Cx,SEED CX,SCXO,United States,United States Dollar,America/New_York, 09:30, 16:00
Seb - Systematic Internaliser,SEB,SEBS,Sweden,Swedish Krona,Europe/Oslo, 09:00, 16:30
Credit Suisse (deutschland) Ag - Systematic Internaliser,CSD SI,CDSI,Germany,Euro,Europe/Berlin, 08:00, 20:00
Euronext Growth Milan,EGM,EXGM,Italy,Euro,Europe/Rome, 09:00, 17:25
Refinitiv Us Sef Llc,RSEF,THRE,United States,United States Dollar,America/New_York, 09:30, 16:00
Miami International Securities Exchange,XMIO,XMIO,United States,United States Dollar,America/New_York, 09:30, 16:00
Cassa Di Compensazione E Garanzia Spa - Collateralized Money Market Guarantee Service,NEWMIC,CGCM,Italy,Euro,Europe/Rome, 09:00, 17:25
Barclays Lx Japan,LXJP,LXJP,Japan,Japanese Yen,Asia/Tokyo, 09:00, 15:00
"International Securities Exchange, Llc -  Alternative Markets",ISE,XISA,United States,United States Dollar,America/New_York, 09:30, 16:00
Globalclear Mercantile Exchange,GMX,XGMX,United States,United States Dollar,America/New_York, 09:30, 16:00
Gestore Mercato Elettrico - Italian Power Exchange,IPEX/GME,XGME,Italy,Euro,Europe/Rome, 09:00, 17:25
Pko Bank Polski S.a. - Systematic Internaliser,PKO BP,BPKO,Poland,Polish Zloty,Europe/Warsaw, 09:00, 17:35
Cboe Europe - Bxe Order Books,CBOE EUROPE,BATE,United Kingdom,British Pound Sterling,Europe/London, 08:00, 16:00
Candeal.ca Inc,CANDEAL,CAND,Canada,Canadian Dollar,America/Montreal, 09:30, 16:00
Bulgarian Stock Exchange - Sme Growth Market Beam,BEAM,GBUL,Bulgaria,Bulgarian Lev,Europe/Sofia, 10:10, 16:55
Bendigo Stock Exchange Limited,BSX,NSXB,Australia,Australian Dollar,Australia/Melbourne, 10:00, 16:00
Spot Regulated Market - Bvb,REGS,XBSE,Romania,Romanian Leu,Europe/Bucharest, 10:00, 17:45
Pro Securities Ats,PROS,BLUE,United States,United States Dollar,America/New_York, 09:30, 16:00
Stock Exchange Of Hong Kong Limited - Shanghai - Hong Kong Stock Connect,SEHK,SHSC,Hong Kong,Hong Kong Dollar,Asia/Hong_Kong, 09:20, 16:00
Gtsx,GTSX,GTSX,United States,United States Dollar,America/New_York, 09:30, 16:00
London Stock Exchange - Aim Mtf,LSE,AIMX,United Kingdom,British Pound Sterling,Europe/London, 08:00, 16:00
Six Swiss Exchange - Six Swiss Exchange At Midpoint,SIX,XSWM,Switzerland,Swiss Franc,Europe/Zurich, 09:00, 17:30
Cboe Europe - Cxe Dark Order Book,CXE DARK,CHID,United Kingdom,British Pound Sterling,Europe/London, 08:00, 16:00
Sigma X Europe Non-displayed Book,GSPIC,SGMU,France,Euro,Europe/Paris, 09:00, 17:30
Mizuho International - Systematic Internaliser,MHI,MHIP,United Kingdom,British Pound Sterling,Europe/London, 08:00, 16:00
Cboe Europe - Cxe Off-book,CXE OFF-BOOK,CHIO,United Kingdom,British Pound Sterling,Europe/London, 08:00, 16:00
Sigma X2,SGMT,SGMT,United States,United States Dollar,America/New_York, 09:30, 16:00
Credit Suisse Ag - London Branch,CSAGLB SI,CSLB,United Kingdom,British Pound Sterling,Europe/London, 08:00, 16:00
Cboe Europe - Apa (nl),CBOE EU OFF EXCHANGE,CAPA,Netherlands,Euro,Europe/Amsterdam, 09:00, 17:40
Cme  Europe,CME,CMEE,United Kingdom,British Pound Sterling,Europe/London, 08:00, 16:00
Continental Capital Markets Limited - Otf,CONTICAP OTF,CCML,United Kingdom,British Pound Sterling,Europe/London, 08:00, 16:00
Tokyo Stock Exchange,TSE,XTKS,Japan,Japanese Yen,Asia/Tokyo, 09:00, 15:00
Icbc Standard Bank - Systematic Internaliser,ICBCS,ISSI,United Kingdom,British Pound Sterling,Europe/London, 08:00, 16:00
Pjsc National Depository Of Ukraine,PJSC NDU,XNDU,Ukraine,Ukrainian Hryvnia,Europe/Kiev, 10:00, 17:30
State Street Bank International Fx - London Branch - Systematic Internaliser,SSIL,SSIL,United Kingdom,British Pound Sterling,Europe/London, 08:00, 16:00
Hpc Etrading,HPC,HPCO,France,Euro,Europe/Paris, 09:00, 17:30
Nos Clearing Asa,NOS,NOSC,Norway,Norwegian Krone,Europe/Copenhagen, 09:00, 17:00
Barclays Single Dealer Platform,BBOK,BBOK,United States,United States Dollar,America/New_York, 09:30, 16:00
London Stock Exchange,LSE,XLON,United Kingdom,British Pound Sterling,Europe/London, 08:00, 16:00
Morgan Stanley Europe S.e.,MSEU,MSEU,Germany,Euro,Europe/Berlin, 08:00, 20:00
Cboe C2 Options Exchange,C2OX,C2OX,United States,United States Dollar,America/New_York, 09:30, 16:00
Shanghai Gold Exchange,SGE,SGEX,China,Chinese Yuan,Asia/Shanghai, 09:30, 15:00
Posit Auction,AUCTIONS,XPAC,Ireland,Euro,Europe/Dublin, 08:00, 16:30
"Long-term Stock Exchange, Inc.",LTSE,LTSE,United States,United States Dollar,America/New_York, 09:30, 16:00
Liquidnet Europe Limited,LIQU,LIQF,United Kingdom,British Pound Sterling,Europe/London, 08:00, 16:00
Crypto Facilities,CF,CRYP,United Kingdom,British Pound Sterling,Europe/London, 08:00, 16:00
Louis Capital Markets Uk Llp,LCM,LOUI,United Kingdom,British Pound Sterling,Europe/London, 08:00, 16:00
Abide Financial Drsp Limited Apa,AFDLAPA,AFDL,United Kingdom,British Pound Sterling,Europe/London, 08:00, 16:00
Mbank S.a. - Systematic Internaliser,MBANK,MBPL,Poland,Polish Zloty,Europe/Warsaw, 09:00, 17:35
Mariana Ufp Llp,MUFP,MUFP,United Kingdom,British Pound Sterling,Europe/London, 08:00, 16:00
Bse Ltd,MSE,XBOM,India,Indian Rupee,Asia/Kolkata, 09:15, 15:30
Virtu Financial Bd,VEQ,VIRT,United States,United States Dollar,America/New_York, 09:30, 16:00
Posit Mtf,POSIT,ITGL,Ireland,Euro,Europe/Dublin, 08:00, 16:30
Mufg Bank (europe) N.v. - Systematic Internaliser,MUBE SI,MUBE,Netherlands,Euro,Europe/Amsterdam, 09:00, 17:40
Deal Done Trading - Systematic Internaliser,DDT,DDTX,Italy,Euro,Europe/Rome, 09:00, 17:25
Six Swiss Exchange - Ebbo Book,SIX,XSEB,Switzerland,Swiss Franc,Europe/Zurich, 09:00, 17:30
China Foreign Exchange Trade System,CFETS,XCFE,China,Chinese Yuan,Asia/Shanghai, 09:30, 15:00
Six Swiss Exchange - Deal Pool - Book Building And Announcement Platform,SIX,XDLP,Switzerland,Swiss Franc,Europe/Zurich, 09:00, 17:30
Cboe Europe - Regulated Market Off Book (nl),CBOE EU REGM OFF BOOK,BEUO,Netherlands,Euro,Europe/Amsterdam, 09:00, 17:40
Raiffeisen Centrobank Ag - Systematic Internaliser,RCB,XRCB,Austria,Euro,Europe/Vienna, 08:55, 17:35
Bank Of America Merrill Lynch International Bank Designated Activity Company - Systematic Internaliser,BAMLI DAC,BMLS,Ireland,Euro,Europe/Dublin, 08:00, 16:30
Sydney Stock Exchange Limited,SSX,APXL,Australia,Australian Dollar,Australia/Melbourne, 10:00, 16:00
India International Exchange (ifsc) Limited,INDIA INX,IINX,India,Indian Rupee,Asia/Kolkata, 09:15, 15:30
"Clear Markets North America, Inc.",CM SEF,CMSF,United States,United States Dollar,America/New_York, 09:30, 16:00
Irish Stock Exchange - All Market,ISE,XDUB,Ireland,Euro,Europe/Dublin, 08:00, 16:30
Blue Ocean Alternative Trading System,BOATS,OCEA,United States,United States Dollar,America/New_York, 09:30, 16:00
Lbbw - Landesbank Baden-wuerttemberg,LLBW,LBBW,Germany,Euro,Europe/Berlin, 08:00, 20:00
Electronic Share Market,MTA,MTAA,Italy,Euro,Europe/Rome, 09:00, 17:25
"Mufg Bank, Ltd. - London Branch -systematic Internaliser",MUBL SI,MUBL,United Kingdom,British Pound Sterling,Europe/London, 08:00, 16:00
Merrill Lynch International,MLI,MLIX,United Kingdom,British Pound Sterling,Europe/London, 08:00, 16:00
Off Exchange Identifier For Otc Trades Reported To Cboe Europe,CBOE OFF EXCHANGE,BOTC,United Kingdom,British Pound Sterling,Europe/London, 08:00, 16:00
Berenberg Fx - Systematic Internaliser,BGFX,BGFX,Germany,Euro,Europe/Berlin, 08:00, 20:00
Coda Markets - Micro And Block,CODA,CODA,United States,United States Dollar,America/New_York, 09:30, 16:00
Mitsubishi Ufj Trust International Limited,MUTI,MUTI,United Kingdom,British Pound Sterling,Europe/London, 08:00, 16:00
Irish Stock Exchange  - Global Exchange Market,ISE GEM,XEYE,Ireland,Euro,Europe/Dublin, 08:00, 16:30
Scottish Stock Exchange,SSX,SCOT,United Kingdom,British Pound Sterling,Europe/London, 08:00, 16:00
Jp Morgan - Jpmi Market,JPMI,JPMI,Hong Kong,Hong Kong Dollar,Asia/Hong_Kong, 09:20, 16:00
Six Swiss Exchange - Etf Qod,SIX,XQOD,Switzerland,Swiss Franc,Europe/Zurich, 09:00, 17:30
Cboe Europe - Regulated Market Off Book,CBOE  REGM OFF BOOK,BARO,United Kingdom,British Pound Sterling,Europe/London, 08:00, 16:00
Berenberg - Systematic Internaliser Uk,BGUK,BGUK,United Kingdom,British Pound Sterling,Europe/London, 08:00, 16:00
Vertical,VERT,VERT,United States,United States Dollar,America/New_York, 09:30, 16:00
State Street Bank International Gmbh,SSBI,SSBI,Germany,Euro,Europe/Berlin, 08:00, 20:00
London Stock Exchange - Mtf,LSE,XLOM,United Kingdom,British Pound Sterling,Europe/London, 08:00, 16:00
Luminex Trading & Analytics Llc - Ats,LMNX,LMNX,United States,United States Dollar,America/New_York, 09:30, 16:00
Cboe Byx U.s. Equities Exchange Dark,BYXDARK,BYXD,United States,United States Dollar,America/New_York, 09:30, 16:00
Brokertec Americas Llc - Rfq Platform,US QUOTE,BTEQ,United States,United States Dollar,America/New_York, 09:30, 16:00
Bofa Securities Europe - Systematic Internaliser,BOFASE,MLES,France,Euro,Europe/Paris, 09:00, 17:30
Tullett Prebon Eu Otf - Registration,TPIE,TPER,France,Euro,Europe/Paris, 09:00, 17:30
Cboe Edga U.s. Equities Exchange,EDGA,EDGA,United States,United States Dollar,America/New_York, 09:30, 16:00
Natwest Markets Nv,NWM NV,NWNV,Netherlands,Euro,Europe/Amsterdam, 09:00, 17:40
Cboe Australia Mid-point Venue,CXA,CXAP,Australia,Australian Dollar,Australia/Melbourne, 10:00, 16:00
Henex Financial Energy Market - Derivatives Market,HENEX,HEDE,Greece,Euro,Europe/Athens, 10:15, 17:20
Helex Electronic Book Building,EBB,XIPO,Greece,Euro,Europe/Athens, 10:15, 17:20
Mts Italia,MTS ITALY,MTSC,Italy,Euro,Europe/Rome, 09:00, 17:25
Govex,GOVEX,GOVX,United States,United States Dollar,America/New_York, 09:30, 16:00
Unipol Banca S.p.a.,UBIS,UBIS,Italy,Euro,Europe/Rome, 09:00, 17:25
Bmo Capital Markets Limited,ST,BMCM,United Kingdom,British Pound Sterling,Europe/London, 08:00, 16:00
Athens Exchange S.a. Cash Market,ATHEXC,XATH,Greece,Euro,Europe/Athens, 10:15, 17:20
Virtu Financial Capital Markets Llc,VFCM,VFCM,United States,United States Dollar,America/New_York, 09:30, 16:00
Berenberg - Systematic - Internaliser,BBSI,BGSI,Germany,Euro,Europe/Berlin, 08:00, 20:00
Bet Otc Bilat Commodity Derivatives,BET,BETX,United Kingdom,British Pound Sterling,Europe/London, 08:00, 16:00
Chicago Board Of Trade,CBOT,XCBT,United States,United States Dollar,America/New_York, 09:30, 16:00
Barclays Bank Plc,BBPLC,BPLC,United Kingdom,British Pound Sterling,Europe/London, 08:00, 16:00
Dalian Commodity Exchange,DCE,XDCE,China,Chinese Yuan,Asia/Shanghai, 09:30, 15:00
Bulgarian Stock Exchange,BSE,XBUL,Bulgaria,Bulgarian Lev,Europe/Sofia, 10:10, 16:55
Six Swiss Exchange,SIX,XSWX,Switzerland,Swiss Franc,Europe/Zurich, 09:00, 17:30
"Acs Execution Services, Llc",GLPX,GLPX,United States,United States Dollar,America/New_York, 09:30, 16:00
Plus Derivatives Exchange,PLUS-DX,PLDX,United Kingdom,British Pound Sterling,Europe/London, 08:00, 16:00
Index And Options Market,IOM,XIOM,United States,United States Dollar,America/New_York, 09:30, 16:00
Barclays Bank Ireland Plc,BBI,BBIE,Ireland,Euro,Europe/Dublin, 08:00, 16:30
Credit Agricole Cib - Systematic Internaliser,CACIB SI,AACA,France,Euro,Europe/Paris, 09:00, 17:30
Brokertec Europe Limited - All Markets,BEM,BTEE,United Kingdom,British Pound Sterling,Europe/London, 08:00, 16:00
Cboe Europe Derivatives,CBOE NL CEDX,CEDX,Netherlands,Euro,Europe/Amsterdam, 09:00, 17:40
The Property Investment Exchange,PROPEX,TPIE,United Kingdom,British Pound Sterling,Europe/London, 08:00, 16:00
Virtu Americas Llc,VAL,VUSA,United States,United States Dollar,America/New_York, 09:30, 16:00
Warsaw Stock Exchange - Other Than Xoff Or Xxxx,WSE,WIPO,Poland,Polish Zloty,Europe/Warsaw, 09:00, 17:35
Universal Barter Exchange Credit Union,UBECU,UBEC,United States,United States Dollar,America/New_York, 09:30, 16:00
Labuan International Financial Exchange,LFX,XLFX,Malaysia,Malaysian Ringgit,Asia/Kuala_Lumpur, 09:00, 17:00
Exane Bnp Paribas - Systematic Internaliser,EXSE,EXSE,France,Euro,Europe/Paris, 09:00, 17:30
Cboe Europe - Regulated Market Dark Book (nl),CBOE EU REGM DARK,BARU,Netherlands,Euro,Europe/Amsterdam, 09:00, 17:40
Canadian Securities Exchange - Pure,CSE-PURE,PURE,Canada,Canadian Dollar,America/Montreal, 09:30, 16:00
Inter-connected Stock Exchange Of India Ltd,ISE,ISEX,India,Indian Rupee,Asia/Kolkata, 09:15, 15:30
Sigma X Hong Kong,GSET,SIGH,Hong Kong,Hong Kong Dollar,Asia/Hong_Kong, 09:20, 16:00
European Energy Exchange - Non-mtf Market,EEX,XEEO,Germany,Euro,Europe/Berlin, 08:00, 20:00
Hpc Energy Trading,HPC,HPCS,France,Euro,Europe/Paris, 09:00, 17:30
Six Swiss Exchange - Structured Products,SIX,XQMH,Switzerland,Swiss Franc,Europe/Zurich, 09:00, 17:30
"Liquidnet, Inc. Fixed Income Ats",LQNF,LIFI,United States,United States Dollar,America/New_York, 09:30, 16:00
Derivatives Regulated Market - Bvb,REGF,XBSD,Romania,Romanian Leu,Europe/Bucharest, 10:00, 17:45
Cboe Europe - Bxe Dark Order Book,CBOE DARK,BATD,United Kingdom,British Pound Sterling,Europe/London, 08:00, 16:00
Natural Gas Exchange,NGX,NGXC,Canada,Canadian Dollar,America/Montreal, 09:30, 16:00
Credem Banca - Systematic Internaliser,CREDEM SI,CREM,Italy,Euro,Europe/Rome, 09:00, 17:25
Virtu Financial Ireland Limited,VFIL,VFIL,Ireland,Euro,Europe/Dublin, 08:00, 16:30
Cantor Financial Futures Exchange,CANTOR,XCFF,United States,United States Dollar,America/New_York, 09:30, 16:00
Credit Suisse Ag - Ohs,CSA OHS,CSOT,Switzerland,Swiss Franc,Europe/Zurich, 09:00, 17:30
Bnp Paribas Arbitrage Snc - Systematic Internaliser,BNPP A SI,BNPA,France,Euro,Europe/Paris, 09:00, 17:30
Abbey National Treasury Services Plc - Systematic Internaliser,ANTS,ANTS,United Kingdom,British Pound Sterling,Europe/London, 08:00, 16:00
Neo Exchange - Neo-n (market By Price),NEO-N,NEON,Canada,Canadian Dollar,America/Montreal, 09:30, 16:00
"Dbot Ats, Llc",DBOT,TSBX,United States,United States Dollar,America/New_York, 09:30, 16:00
Abg Sundal Collier Asa - Systematic Internaliser,ABG,XABG,Norway,Norwegian Krone,Europe/Copenhagen, 09:00, 17:00
Tradition Paris - Tsaf,TSAF,TDON,France,Euro,Europe/Paris, 09:00, 17:30
Electronic Secondary Securities Market (hdat),HDAT,HDAT,Greece,Euro,Europe/Athens, 10:15, 17:20
Global Coal Limited,GLOBALCOAL,XGCL,United Kingdom,British Pound Sterling,Europe/London, 08:00, 16:00
E-exchange,EEXCHANGE,SSTX,United States,United States Dollar,America/New_York, 09:30, 16:00
London Stock Exchange - Apa,LSE APA,ECHO,United Kingdom,British Pound Sterling,Europe/London, 08:00, 16:00
Enclear,ENC,ENCL,United Kingdom,British Pound Sterling,Europe/London, 08:00, 16:00
Tsx Venture Exchange - Drk,TSXV DRK,VDRK,Canada,Canadian Dollar,America/Montreal, 09:30, 16:00
Level Ats,LEVEL,LEVL,United States,United States Dollar,America/New_York, 09:30, 16:00
B3 S.a. - Brasil Bolsa Balcao,B3,BVMF,Brazil,Brazilian Real,America/Sao_Paulo, 09:30, 16:30
"Mufg Bank, Ltd. - Milano Branch - Systematic Internaliser",MUBM SI,MUBM,Italy,Euro,Europe/Rome, 09:00, 17:25
Bank Handlowy W Warszawie S.a. - Systematic Internaliser,BHW SI,BHWA,Poland,Polish Zloty,Europe/Warsaw, 09:00, 17:35
Evolution Markets,EVOL,EVOL,United Kingdom,British Pound Sterling,Europe/London, 08:00, 16:00
Neo Exchange - Neo-d (dark),NEO-D,NEOD,Canada,Canadian Dollar,America/Montreal, 09:30, 16:00
Cboe Australia Primary Peg (nearpoint) Venue,CXA,CXAN,Australia,Australian Dollar,Australia/Melbourne, 10:00, 16:00
Akis - Banca Akros - Systematic Internaliser,AKIS,AKIS,Italy,Euro,Europe/Rome, 09:00, 17:25
Tradegate Exchange,TGAG,TGAT,Germany,Euro,Europe/Berlin, 08:00, 20:00
Wall Street Access Nyc - Vndm,VNDM,VNDM,United States,United States Dollar,America/New_York, 09:30, 16:00
Refinitiv Transactions Services Limited,RTSL,RTSL,United Kingdom,British Pound Sterling,Europe/London, 08:00, 16:00
Xetra - Freiverkehr,XETRA,XETB,Germany,Euro,Europe/Berlin, 08:00, 20:00
Credit Suisse International - Systematic Internaliser,CSI SI,CSSI,United Kingdom,British Pound Sterling,Europe/London, 08:00, 16:00
Nx Japan,NXJP,NXJP,Japan,Japanese Yen,Asia/Tokyo, 09:00, 15:00
Xetra - Regulierter Markt,XETRA,XETA,Germany,Euro,Europe/Berlin, 08:00, 20:00
Canadian Imperial Bank Of Commerce - Systematic Internaliser,CIBC,CIBC,United Kingdom,British Pound Sterling,Europe/London, 08:00, 16:00
Osaka Dojima Commodity Exchange,ODE,XKAC,Japan,Japanese Yen,Asia/Tokyo, 09:00, 15:00
Ice Endex Uk Ocm Gas Spot,ICE ENDEX OCM,NDCM,United Kingdom,British Pound Sterling,Europe/London, 08:00, 16:00
Six Digital Exchange,SIX,XSDX,Switzerland,Swiss Franc,Europe/Zurich, 09:00, 17:30
Finesti S.a.,CCLUX,CCLX,Luxembourg,Euro,Europe/Luxembourg, 09:00, 17:35
Cassa Di Compensazione E Garanzia Spa - Ccp Energy Derivatives,CCGENERGYDER,CGND,Italy,Euro,Europe/Rome, 09:00, 17:25
Social Stock Exchange,SSE,SSEX,United Kingdom,British Pound Sterling,Europe/London, 08:00, 16:00
Box Options Exchange,BOX,XBOX,United States,United States Dollar,America/New_York, 09:30, 16:00
Asx - Volumematch,ASX,ASXV,Australia,Australian Dollar,Australia/Melbourne, 10:00, 16:00
Toronto Dominion Bank - London Branch,TD BANK,TDBL,United Kingdom,British Pound Sterling,Europe/London, 08:00, 16:00
Credit Suisse (ch),CSZ,CSZH,Switzerland,Swiss Franc,Europe/Zurich, 09:00, 17:30
China Foreign Exchange Trade System - Shanghai - Hong Kong Bond Connect,CFETSBC,CFBC,China,Chinese Yuan,Asia/Shanghai, 09:30, 15:00
Athens Stock Exchange,ASE,ASEX,Greece,Euro,Europe/Athens, 10:15, 17:20
Deutsche Bank - Manual Otc,MANUAL OTC,DBMO,Germany,Euro,Europe/Berlin, 08:00, 20:00
Cboe Europe Regulated Markets (nl),CBOE EU RM,CCRM,Netherlands,Euro,Europe/Amsterdam, 09:00, 17:40
"Bank Of America, National Association - London Branch Office - Systematic Internaliser",BANA LONDON,BASI,United Kingdom,British Pound Sterling,Europe/London, 08:00, 16:00
Cboe Europe - Dxe Order Books (nl),CBOE EU DXE,CEUX,Netherlands,Euro,Europe/Amsterdam, 09:00, 17:40
Bulgarian Stock Exchange - International Instruments,BSE,IBUL,Bulgaria,Bulgarian Lev,Europe/Sofia, 10:10, 16:55
Bolsa De Comercio Confederada S.a.,BCC,XCNF,Argentina,Argentine Peso,America/Argentina/Buenos_Aires, 11:00, 17:00
Hong Kong Futures Exchange Ltd.,HKFE,XHKF,Hong Kong,Hong Kong Dollar,Asia/Hong_Kong, 09:20, 16:00
Digital Vega,DVFX,DVFX,United Kingdom,British Pound Sterling,Europe/London, 08:00, 16:00
Asx - Purematch,ASX,ASXP,Australia,Australian Dollar,Australia/Melbourne, 10:00, 16:00
Cboe Australia - Warrants,CXA,CXAW,Australia,Australian Dollar,Australia/Melbourne, 10:00, 16:00
Tfs Green United States Green Markets,TFS,TFSU,United States,United States Dollar,America/New_York, 09:30, 16:00
Cme Clearing Europe,CME,CMEC,United Kingdom,British Pound Sterling,Europe/London, 08:00, 16:00
Cboe Byx U.s. Equities Exchange,BYXX,BATY,United States,United States Dollar,America/New_York, 09:30, 16:00
Bulgarian Stock Exchange - International Mtf,BSE-MTF,JBUL,Bulgaria,Bulgarian Lev,Europe/Sofia, 10:10, 16:55
Mizuho Securities Europe - Systematic Internaliser,MHEU,MHEU,Germany,Euro,Europe/Berlin, 08:00, 20:00
Raiffeisen Bank (hungary) - Systematic Internaliser,RBHU-SI,RBHU,Hungary,Hungarian Forint,Europe/Budapest, 09:00, 17:00
Atlantic Securities Market,ISE ASM,XATL,Ireland,Euro,Europe/Dublin, 08:00, 16:30
Gaspoint Nordic A/s,GPN,NPGA,Denmark,Danish Krone,Europe/Copenhagen, 09:00, 17:00
Rasdaq,RASDAQ,XRAS,Romania,Romanian Leu,Europe/Bucharest, 10:00, 17:45
Goldman Sachs And Co.,GSCO,GSCO,United States,United States Dollar,America/New_York, 09:30, 16:00
Six Repo Ag,SIX,ROSR,Switzerland,Swiss Franc,Europe/Zurich, 09:00, 17:30
Griffin Markets Limited - Otf,GRIFFIN MARKETS LIMITED,GRIO,United Kingdom,British Pound Sterling,Europe/London, 08:00, 16:00
Chicago Mercantile Exchange (floor),CME (FLOOR),FCME,United States,United States Dollar,America/New_York, 09:30, 16:00
"Mufg Bank, Ltd. - Paris Branch - Systematic Internaliser",MUBP SI,MUBP,France,Euro,Europe/Paris, 09:00, 17:30
Cannex Financial Exchange Lts,CANNEX,CANX,Canada,Canadian Dollar,America/Montreal, 09:30, 16:00
Brokertec Europe Limited - Rfq Trading Protocol,BEM,BTQG,United Kingdom,British Pound Sterling,Europe/London, 08:00, 16:00
"Electronic Etf, Etc/etn And Open-end Funds Market",ETFPLUS,ETFP,Italy,Euro,Europe/Rome, 09:00, 17:25
Mizuho Internal Crossing,MIX,MIZX,Japan,Japanese Yen,Asia/Tokyo, 09:00, 15:00
Goldman Sachs International,GSI,GSIL,United Kingdom,British Pound Sterling,Europe/London, 08:00, 16:00
Six Repo Ag - Otc Spot Market,SIX,XROT,Switzerland,Swiss Franc,Europe/Zurich, 09:00, 17:30
Cboe Global Markets Inc.,CBOE,XCBO,United States,United States Dollar,America/New_York, 09:30, 16:00
State Street Bank And Trust Fx - Systematic Internaliser,SSBTCO,SSFX,United Kingdom,British Pound Sterling,Europe/London, 08:00, 16:00
Bolsa De Valores De Colombia,BVC,XBOG,Colombia,Colombian Peso,America/Bogota, 09:30, 15:55
Arkonis,ARKX,ARKX,United States,United States Dollar,America/New_York, 09:30, 16:00
Investors Exchange,IEX,IEXG,United States,United States Dollar,America/New_York, 09:30, 16:00
Cassa Di Compensazione E Garanzia Spa - Bonds Ccp Service,CCGBONDS,CGDB,Italy,Euro,Europe/Rome, 09:00, 17:25
Swiss Dots By Cats,DOTS,DOTS,Switzerland,Swiss Franc,Europe/Zurich, 09:00, 17:30
Tsaf Otc - Otf,TSAF OTC,TSAF,France,Euro,Europe/Paris, 09:00, 17:30
Tradegate Exchange - Freiverkehr,TGAG,XGAT,Germany,Euro,Europe/Berlin, 08:00, 20:00
Australian Wool Exchange,AWEX,AWEX,Australia,Australian Dollar,Australia/Melbourne, 10:00, 16:00
Exane Bnp Paribas - Mid Point,EXANE BNP PARIBAS,EXMP,United Kingdom,British Pound Sterling,Europe/London, 08:00, 16:00
Sg Option Europe - Systematic Internaliser,SGOE SI,SGOE,France,Euro,Europe/Paris, 09:00, 17:30
Barclays Fx - Trading,BCAP LX,BARD,United States,United States Dollar,America/New_York, 09:30, 16:00
Cboe Edgx U.s. Equities Exchange,EDGX,EDGX,United States,United States Dollar,America/New_York, 09:30, 16:00
Zobex,ZOBEX,ZOBX,Germany,Euro,Europe/Berlin, 08:00, 20:00
"Stifel, Nicolaus And Company, Incorporated",STFL,STFX,United States,United States Dollar,America/New_York, 09:30, 16:00
Natixis London Branch,NLB,NTUK,United Kingdom,British Pound Sterling,Europe/London, 08:00, 16:00
Barclays Capital Securities Limited,BCSL,BCSL,United Kingdom,British Pound Sterling,Europe/London, 08:00, 16:00
Barclays Capital Securities Limited - Systematic Internaliser,BCSL SI,BCSI,United Kingdom,British Pound Sterling,Europe/London, 08:00, 16:00
Lloyds Bank Corporate Markets - Systematic Internaliser,LBCM,LBCM,United Kingdom,British Pound Sterling,Europe/London, 08:00, 16:00
Kansas City Board Of Trade,KCBT,XKBT,United States,United States Dollar,America/New_York, 09:30, 16:00
London Derivatives Exchange,LDX,XLDX,United Kingdom,British Pound Sterling,Europe/London, 08:00, 16:00
Nx Vwap,NXVWAP,NXVW,Japan,Japanese Yen,Asia/Tokyo, 09:00, 15:00
Ipsx Prime,IPSX,IPXP,United Kingdom,British Pound Sterling,Europe/London, 08:00, 16:00
Cboe Bzx Options Exchange,BATO,BATO,United States,United States Dollar,America/New_York, 09:30, 16:00
Romanian  Commodities Exchange,BRM,XBRM,Romania,Romanian Leu,Europe/Bucharest, 10:00, 17:45
Cassa Di Compensazione E Garanzia Spa - Triparty Repo Ccp Service,CCGTRIPARTY,CGTR,Italy,Euro,Europe/Rome, 09:00, 17:25
Xtrd,XTRD,XTRD,United States,United States Dollar,America/New_York, 09:30, 16:00
Atfund Mtf,ATFUND,ATFX,Italy,Euro,Europe/Rome, 09:00, 17:25
Hpc Sa - Voice Otf,HPC,HPCV,France,Euro,Europe/Paris, 09:00, 17:30
Bgl Bnp Paribas  - Systematic Internaliser,BGL,BGLU,Luxembourg,Euro,Europe/Luxembourg, 09:00, 17:35
Cboe Europe Regulated Markets,CBOE  EUROPE,BCRM,United Kingdom,British Pound Sterling,Europe/London, 08:00, 16:00
Btl Otc Bilat Commodity Derivatives,BTL,BTLX,United Kingdom,British Pound Sterling,Europe/London, 08:00, 16:00
Exane Bnp Paribas - Liquidity Provision,EXLP,EXLP,United Kingdom,British Pound Sterling,Europe/London, 08:00, 16:00
Asx Bookbuild,ASX,ASXB,Australia,Australian Dollar,Australia/Melbourne, 10:00, 16:00
Potamus Trading Llc,HPPO,HPPO,United States,United States Dollar,America/New_York, 09:30, 16:00
London Stock Exchange - Curveglobal Markets,LSE,XLOD,United Kingdom,British Pound Sterling,Europe/London, 08:00, 16:00
Carnegie As - Systematic Internaliser,CAR,CNSI,Norway,Norwegian Krone,Europe/Copenhagen, 09:00, 17:00
Asx Tradematch,ASX,ASXT,Australia,Australian Dollar,Australia/Melbourne, 10:00, 16:00
Australian Wheat Board,AWB,AWBX,Australia,Australian Dollar,Australia/Melbourne, 10:00, 16:00
Finra/nasdaq Trf Carteret (trade Reporting Facility),FINN,FINN,United States,United States Dollar,America/New_York, 09:30, 16:00
Fxcm - Mtf,FXCM,FXGB,United Kingdom,British Pound Sterling,Europe/London, 08:00, 16:00
Cboe Europe - Dxe Dark Order Book (nl),CBOE EU DXE DARK,CEUD,Netherlands,Euro,Europe/Amsterdam, 09:00, 17:40
Bny Mellon Markets Europe Limited,BNYMEL,BKDM,Ireland,Euro,Europe/Dublin, 08:00, 16:30
Electricity Intra-day Market,EXIST,XEID,Turkey,Turkish Lira,Asia/Istanbul, 09:00, 17:30
Rbc - Royal Bank Of Canada,RBC,RBCM,United Kingdom,British Pound Sterling,Europe/London, 08:00, 16:00
Winterflood Securities Limited - Electronic Platform,WINS,WINS,United Kingdom,British Pound Sterling,Europe/London, 08:00, 16:00
Cboe Europe - Bxe Periodic,BXE PERIODIC,BATP,United Kingdom,British Pound Sterling,Europe/London, 08:00, 16:00
Royal Bank Of Scotland - Systematic Internaliser,RBS PLC,NWMS,United Kingdom,British Pound Sterling,Europe/London, 08:00, 16:00
Virtu Matchit - Conditional Room,KCGM,VCRS,United States,United States Dollar,America/New_York, 09:30, 16:00
Cboe Europe - Bxe Off-book,CBOE OFF-BOOK,BATF,United Kingdom,British Pound Sterling,Europe/London, 08:00, 16:00
Norexeco Asa,NOREXECO,NEXO,Norway,Norwegian Krone,Europe/Copenhagen, 09:00, 17:00
Citi Liquifi,LQFI,LQFI,United States,United States Dollar,America/New_York, 09:30, 16:00
"International Securities Exchange, Llc - Equities",ISE,XISE,United States,United States Dollar,America/New_York, 09:30, 16:00
Virtu Matchit - Main Crossing Session,KCGM,VFMI,United States,United States Dollar,America/New_York, 09:30, 16:00
Rosario Future Exchange,ROFEX,ROFX,Argentina,Argentine Peso,America/Argentina/Buenos_Aires, 11:00, 17:00
Henex Electricity Spot Market,HENEX,HESP,Greece,Euro,Europe/Athens, 10:15, 17:20
Currenex Ireland Mtf,CNX MTF,ICUR,Ireland,Euro,Europe/Dublin, 08:00, 16:30
Refinitiv Sef Request For Stream,RSEF (RFS),FXPS,United States,United States Dollar,America/New_York, 09:30, 16:00
Merrill Lynch International - Systematic Internaliser,MLI,MLSI,United Kingdom,British Pound Sterling,Europe/London, 08:00, 16:00
Kbl European Private Bankers S.a.,KBLL,KBLL,Luxembourg,Euro,Europe/Luxembourg, 09:00, 17:35
Asx - Centre Point,ASX,ASXC,Australia,Australian Dollar,Australia/Melbourne, 10:00, 16:00
Clearcorp Dealing Systems India Limited - Fx-clear,FXCLR,FXCL,India,Indian Rupee,Asia/Kolkata, 09:15, 15:30
Cboe Australia Market Peg (farpoint) Venue,CXA,CXAF,Australia,Australian Dollar,Australia/Melbourne, 10:00, 16:00
"Liquidnet, Inc. H2o Ats",LQNA,LIUH,United States,United States Dollar,America/New_York, 09:30, 16:00
Merchants' Exchange,ME,XMER,United States,United States Dollar,America/New_York, 09:30, 16:00
Cassa Di Compensazione E Garanzia Spa,CC&G,CGIT,Italy,Euro,Europe/Rome, 09:00, 17:25
Hungarian Power Exchange,HUPX,HUPX,Hungary,Hungarian Forint,Europe/Budapest, 09:00, 17:00
Athens Exchange Alternative Market,ENAX,ENAX,Greece,Euro,Europe/Athens, 10:15, 17:20
Bny Mellon International - London Branch,BNYM,BKLN,United Kingdom,British Pound Sterling,Europe/London, 08:00, 16:00
Fineco Bank - Systematic Internaliser,FBSI,FBSI,Italy,Euro,Europe/Rome, 09:00, 17:25
"Miax Emerald, Llc",EMLD,EMLD,United States,United States Dollar,America/New_York, 09:30, 16:00
London Platinum And Palladium Market,LPPM,LPPM,United Kingdom,British Pound Sterling,Europe/London, 08:00, 16:00
Op Corporate Bank Plc - Systematic Internaliser,OP,OPCO,Finland,Euro,Europe/Helsinki, 10:00, 18:30
Clearcorp Dealing Systems India Limited - Fx-swap,FXSWAP,FXSW,India,Indian Rupee,Asia/Kolkata, 09:15, 15:30
Intercontinental Exchange,ICE,IEPA,United States,United States Dollar,America/New_York, 09:30, 16:00
Fx Connect Ireland Mtf,IFXC MTF,IFXC,Ireland,Euro,Europe/Dublin, 08:00, 16:30
Chi-x Japan Select,CHI-SELECT,CHIS,Japan,Japanese Yen,Asia/Tokyo, 09:00, 15:00
Miax Pearl Equities,EPRL,EPRL,United States,United States Dollar,America/New_York, 09:30, 16:00
Bids Trading L.p.,BIDS,BIDS,United States,United States Dollar,America/New_York, 09:30, 16:00
Ice Endex Otf Futures,ICE ENDEX OTF,IMCO,Netherlands,Euro,Europe/Amsterdam, 09:00, 17:40
Cassa Di Compensazione E Garanzia Spa - Euro Bonds Ccp Service,CCGEUROBONDS,CGEB,Italy,Euro,Europe/Rome, 09:00, 17:25
Cboe Europe Equities,CBOE  EUROPE,BCXE,United Kingdom,British Pound Sterling,Europe/London, 08:00, 16:00
Moc Cross,MOCX,MOCX,United States,United States Dollar,America/New_York, 09:30, 16:00
Luminex Trading & Analytics Llc,LTAA,LTAA,United States,United States Dollar,America/New_York, 09:30, 16:00
Nx Select Japan,NXSE,NXSE,Japan,Japanese Yen,Asia/Tokyo, 09:00, 15:00
Fex Global,FEX,XFEX,Australia,Australian Dollar,Australia/Melbourne, 10:00, 16:00
Kiev International Stock Exchange,KISE,XKIS,Ukraine,Ukrainian Hryvnia,Europe/Kiev, 10:00, 17:30
State Street Bank And Trust Company,SSBTCO,SSBT,United Kingdom,British Pound Sterling,Europe/London, 08:00, 16:00
Virtual Auction Global Limited,VAGLOBAL,VAGL,United Kingdom,British Pound Sterling,Europe/London, 08:00, 16:00
Cboe Europe - Dxe Off-book (nl),CBOE EU DXE OFF BOOK,CEUO,Netherlands,Euro,Europe/Amsterdam, 09:00, 17:40
Goldman Sachs International Bank,GSIB,GSIB,United Kingdom,British Pound Sterling,Europe/London, 08:00, 16:00
Gmex Exchange,GMEX,GMEG,United Kingdom,British Pound Sterling,Europe/London, 08:00, 16:00
Cboe Bzx U.s. Equities Exchange,BATS,BATS,United States,United States Dollar,America/New_York, 09:30, 16:00
Bgc Derivative Markets L.p.,BGCDML,BGCD,United States,United States Dollar,America/New_York, 09:30, 16:00
Bofa Securities Europe,BOFASE,MLEX,France,Euro,Europe/Paris, 09:00, 17:30
Warsaw Stock Exchange/polish Power Exchange/regulated Market,WSE,PLPD,Poland,Polish Zloty,Europe/Warsaw, 09:00, 17:35
Electronic Bond Market,MOT,MOTX,Italy,Euro,Europe/Rome, 09:00, 17:25
Cats,CATS,CATS,Germany,Euro,Europe/Berlin, 08:00, 20:00
Cboe Edgx Options Exchange,EDGO,EDGO,United States,United States Dollar,America/New_York, 09:30, 16:00
National Australia Bank - Fx Derivatives And Fixed Income Securities - Systematic Internaliser,NAB,NABA,United Kingdom,British Pound Sterling,Europe/London, 08:00, 16:00
Credit Suisse Ag,CSA,CSAG,Switzerland,Swiss Franc,Europe/Zurich, 09:00, 17:30
Ice Markets Equity,ICE ENDEX EQUITY,IMEQ,Netherlands,Euro,Europe/Amsterdam, 09:00, 17:40
Mitsubishi Diamond Crossing,MDX,MUDX,Japan,Japanese Yen,Asia/Tokyo, 09:00, 15:00
Gmg Brokers Limited,GMGLDN,GMGL,United Kingdom,British Pound Sterling,Europe/London, 08:00, 16:00
Automated Equity Finance Markets,AQS,XAQS,United States,United States Dollar,America/New_York, 09:30, 16:00
Arex - Automated Receivables Exchange,AREX,AREX,Ireland,Euro,Europe/Dublin, 08:00, 16:30
Morgan Stanley Europe S.e. - Systematic Internaliser,MESI,MESI,Germany,Euro,Europe/Berlin, 08:00, 20:00
"Wells Fargo Securities, Llc - Cash Equities",WFS,WELS,United States,United States Dollar,America/New_York, 09:30, 16:00
Route4gas,R4G,RR4G,Netherlands,Euro,Europe/Amsterdam, 09:00, 17:40
Clearcorp Dealing Systems (india) Ltd.,CLEARCORP,CDSL,India,Indian Rupee,Asia/Kolkata, 09:15, 15:30
Nordic Sme,NGM,NSME,Sweden,Swedish Krona,Europe/Oslo, 09:00, 16:30
Posit Dark,DARK,XPOS,Ireland,Euro,Europe/Dublin, 08:00, 16:30
Berenberg Fixed Income - Systematic Internaliser,BGFI,BGFI,Germany,Euro,Europe/Berlin, 08:00, 20:00
Virtu Client Market Making,VCMM,VALX,United States,United States Dollar,America/New_York, 09:30, 16:00
Clear Markets Europe Limited,CM MTF,CMMT,United Kingdom,British Pound Sterling,Europe/London, 08:00, 16:00
Themis Trading Llc,THEM,THEM,United States,United States Dollar,America/New_York, 09:30, 16:00
Hungarian Derivative Energy Exchange,HUDEX,HUDX,Hungary,Hungarian Forint,Europe/Budapest, 09:00, 17:00
Bnpp Cortex Ats,BNPX,BNPC,United States,United States Dollar,America/New_York, 09:30, 16:00
Asx - New Zealand Futures & Options,ASX,NZFX,Australia,Australian Dollar,Australia/Melbourne, 10:00, 16:00
Cibc World Markets Plc - Systematic Internaliser,CIBC WM PLC,CIBP,United Kingdom,British Pound Sterling,Europe/London, 08:00, 16:00
Cboe Australia - Limit Venue,CXA,CXAC,Australia,Australian Dollar,Australia/Melbourne, 10:00, 16:00
Bofa Securities Europe - Rfq - Systematic Internaliser,BOFASE,MLER,France,Euro,Europe/Paris, 09:00, 17:30
Bernstein Cross (bern-x),BERN-X,BRNX,United Kingdom,British Pound Sterling,Europe/London, 08:00, 16:00
Marex Spectron International Limited Otf,MSIL OTF,SPEC,United Kingdom,British Pound Sterling,Europe/London, 08:00, 16:00
Stock Exchange Of Hong Kong Limited - Shenzhen - Hong Kong Stock Connect,SEHK,SZSC,Hong Kong,Hong Kong Dollar,Asia/Hong_Kong, 09:20, 16:00
Imc - Systematic Internaliser,IMC,IMCT,Netherlands,Euro,Europe/Amsterdam, 09:00, 17:40
Xetra,XETRA,XETR,Germany,Euro,Europe/Berlin, 08:00, 20:00
Wel - Systematic Internaliser,WEL SI,WELN,United Kingdom,British Pound Sterling,Europe/London, 08:00, 16:00
Hong Kong Exchanges And Clearing Ltd,HKEX,XHKG,Hong Kong,Hong Kong Dollar,Asia/Hong_Kong, 09:20, 16:00
Osaka Exchange,OSE,XOSE,Japan,Japanese Yen,Asia/Tokyo, 09:00, 15:00
Independent Bulgarian Energy Exchange,IBEX,IBEX,Bulgaria,Bulgarian Lev,Europe/Sofia, 10:10, 16:55
Dcx (derivatives Currency Exchange),DCX,DEAL,United States,United States Dollar,America/New_York, 09:30, 16:00
Energy Trading Platform Amsterdam,ETPA,ETPA,Netherlands,Euro,Europe/Amsterdam, 09:00, 17:40
"Sg Americas Securities, Llc - Second Venue",SGAS,SGA2,United States,United States Dollar,America/New_York, 09:30, 16:00
"Nyse Chicago, Inc.",CHX,XCHI,United States,United States Dollar,America/New_York, 09:30, 16:00
Ukrainian Interbank Currency Exchange,UICE,UICE,Ukraine,Ukrainian Hryvnia,Europe/Kiev, 10:00, 17:30
Cboe Europe - Cxe Order Books,CBOE EUROPE,CHIX,United Kingdom,British Pound Sterling,Europe/London, 08:00, 16:00
Ice Benchmark Administration,IBA,IBAL,United Kingdom,British Pound Sterling,Europe/London, 08:00, 16:00
Bank Of America Merrill Lynch - Swap Executions,MLFE,BASE,Hong Kong,Hong Kong Dollar,Asia/Hong_Kong, 09:20, 16:00
Bank Zachodni Wbk S.a. - Systematic Internaliser,BZ WBK,WBKP,Poland,Polish Zloty,Europe/Warsaw, 09:00, 17:35
Icap Securities - Otf,ISL OTF,IOTF,United Kingdom,British Pound Sterling,Europe/London, 08:00, 16:00
Otc Exchange Of India,OTCEI,OTCX,India,Indian Rupee,Asia/Kolkata, 09:15, 15:30
Jane Street Jx,JX,JSJX,United States,United States Dollar,America/New_York, 09:30, 16:00
"Bank Of America, National Association",BANA,BANA,United Kingdom,British Pound Sterling,Europe/London, 08:00, 16:00
Cboe Europe - Dxe Periodic (nl),CBOE EU DXE PERIODIC,BEUP,Netherlands,Euro,Europe/Amsterdam, 09:00, 17:40
Norwegian Over The Counter Market,NOTC,NOTC,Norway,Norwegian Krone,Europe/Copenhagen, 09:00, 17:00
Barclays Direct Ex Ats,BCDX,BCDX,United States,United States Dollar,America/New_York, 09:30, 16:00
International Martime Exchange,IMAREX,XIMA,Norway,Norwegian Krone,Europe/Copenhagen, 09:00, 17:00
Lbbw - Landesbank Baden-wuerttemberg - Liquidity Provider,LLBW,LBWL,Germany,Euro,Europe/Berlin, 08:00, 20:00
Stifel Europe Bank Ag  - Systematic Internaliser,SEBA,SEBA,Germany,Euro,Europe/Berlin, 08:00, 20:00
Virtu Financial Ireland Limited - Systematic Internaliser,VIRTU SI,VFSI,Ireland,Euro,Europe/Dublin, 08:00, 16:30
Ice Endex Futures,ICE ENDEX RM,NDEX,Netherlands,Euro,Europe/Amsterdam, 09:00, 17:40
Barclays Bank Ireland Plc - Systematic Internaliser,BBI SI,BBIS,Ireland,Euro,Europe/Dublin, 08:00, 16:30
Exane Bnp Paribas - Direct Capital Access,EXDC,EXDC,United Kingdom,British Pound Sterling,Europe/London, 08:00, 16:00
"Puma Capital, Llc",PUMA,PUMA,United States,United States Dollar,America/New_York, 09:30, 16:00
Jane Street Execution Services Llc,JX,JSES,United States,United States Dollar,America/New_York, 09:30, 16:00
Fx Connect Ireland Mtf - Rfq,IFXC MTF,IFXR,Ireland,Euro,Europe/Dublin, 08:00, 16:30
Bank Of America - Merrill Lynch Gcx,MLCX,BAMX,United States,United States Dollar,America/New_York, 09:30, 16:00
Deutsche Bank Ag - Systematic Internaliser,DBES,DBES,Germany,Euro,Europe/Berlin, 08:00, 20:00
Cboe Bzx U.s. Equities Exchange Dark,BZXDARK,BZXD,United States,United States Dollar,America/New_York, 09:30, 16:00
Indonesia Stock Exchange,IDX,XIDX,Indonesia,Indonesian Rupiah,Asia/Jakarta, 09:00, 17:30
Cboe Europe - Regulated Market Integrated Book,CBOE  REGM LIT,BART,United Kingdom,British Pound Sterling,Europe/London, 08:00, 16:00
"International Securities Exchange, Llc",ISE,XISX,United States,United States Dollar,America/New_York, 09:30, 16:00
National Australia Bank - Systematic Internaliser,NAB,NABL,United Kingdom,British Pound Sterling,Europe/London, 08:00, 16:00
Cboe Futures Exchange,CFE,XCBF,United States,United States Dollar,America/New_York, 09:30, 16:00
"Clear Markets Japan, Inc.",CM ETP,CMET,Japan,Japanese Yen,Asia/Tokyo, 09:00, 15:00
Cioi,CIOI,CIOI,United States,United States Dollar,America/New_York, 09:30, 16:00
Kalshiex Llc,KEX,KLSH,United States,United States Dollar,America/New_York, 09:30, 16:00
Scotiabank (ireland) Designated Activity Company - Systematic Internaliser,SIDAC,SIDX,Ireland,Euro,Europe/Dublin, 08:00, 16:30
Ersx,ERSX,ERIS,United States,United States Dollar,America/New_York, 09:30, 16:00
Fx Connect Ireland Mtf - Allocations,IFXC MTF,IFXA,Ireland,Euro,Europe/Dublin, 08:00, 16:30
Chicago Board Of Trade (floor),CBOT (FLOOR),FCBT,United States,United States Dollar,America/New_York, 09:30, 16:00
Cassa Di Compensazione E Garanzia Spa - Equity Ccp Service,CCGEQUITY,CGQT,Italy,Euro,Europe/Rome, 09:00, 17:25
"Gfi Swaps Exchange, Llc",GFI SEF,GSEF,United States,United States Dollar,America/New_York, 09:30, 16:00
Cboe Edgx U.s. Equities Exchange Dark,EDGXDARK,EDDP,United States,United States Dollar,America/New_York, 09:30, 16:00
European Energy Exchange,EEX,XEEE,Germany,Euro,Europe/Berlin, 08:00, 20:00
Energy Broking Ireland Gas Trading Platform,EBI,XEBI,Ireland,Euro,Europe/Dublin, 08:00, 16:30
Osaka Exchange J-net,J-NET,XOSJ,Japan,Japanese Yen,Asia/Tokyo, 09:00, 15:00
Society3 Fundersmart,S3FM,S3FM,Switzerland,Swiss Franc,Europe/Zurich, 09:00, 17:30
Icap Eu -  Otf - Registration,TPIE,ICOR,France,Euro,Europe/Paris, 09:00, 17:30
Aktieselskabet Arbejdernes Landsbank - Systematic Internaliser,ALSI,ALSI,Denmark,Danish Krone,Europe/Copenhagen, 09:00, 17:00
Six Repo Ag - Ch Repo Market,SIX,XREP,Switzerland,Swiss Franc,Europe/Zurich, 09:00, 17:30
Credit Suisse International,CSI,CSIN,United Kingdom,British Pound Sterling,Europe/London, 08:00, 16:00
Lbbw - Landesbank Baden-wuerttemberg - Systematic Internaliser,LLBW,LBWS,Germany,Euro,Europe/Berlin, 08:00, 20:00
Australia And New Zealand Banking Group Limited Systematic Internaliser,ANZBGL,ANZL,United Kingdom,British Pound Sterling,Europe/London, 08:00, 16:00
Bulgarian Energy Trading Platform,BETP,BEBG,Bulgaria,Bulgarian Lev,Europe/Sofia, 10:10, 16:55
European Commodity Clearing Ag,ECC,XECC,Germany,Euro,Europe/Berlin, 08:00, 20:00
Nomura Securities Co Ltd,NSC,NMRJ,Japan,Japanese Yen,Asia/Tokyo, 09:00, 15:00
Investors Exchange - Dark,IEX,IEXD,United States,United States Dollar,America/New_York, 09:30, 16:00
Jpmx,JPMX,JPMX,United States,United States Dollar,America/New_York, 09:30, 16:00
Hsbc - Systematic Internaliser,HSBC SI,HSBC,United Kingdom,British Pound Sterling,Europe/London, 08:00, 16:00
Lampost Capital,LAMP,LAMP,United States,United States Dollar,America/New_York, 09:30, 16:00
"Nyse National, Inc.",NSX,XCIS,United States,United States Dollar,America/New_York, 09:30, 16:00
Energy Exchange Istanbul,EXIST,EXTR,Turkey,Turkish Lira,Asia/Istanbul, 09:00, 17:30
European Energy Exchange - Regulated Market,EEX,XEER,Germany,Euro,Europe/Berlin, 08:00, 20:00
Bank Of America Merrill Lynch International Bank Designated Activity Company,BAMLI DAC,BMLI,Ireland,Euro,Europe/Dublin, 08:00, 16:30
Vantage Capital Markets Llp - Otf,VCM OTF,VCMO,United Kingdom,British Pound Sterling,Europe/London, 08:00, 16:00
Bse Sme,BSE SME,BSME,India,Indian Rupee,Asia/Kolkata, 09:15, 15:30
Barclays Bank Plc - Systematic Internaliser,BBPLC SI,BBSI,United Kingdom,British Pound Sterling,Europe/London, 08:00, 16:00
Athens Exchange S.a. Derivatives Market,ATHEXD,XADE,Greece,Euro,Europe/Athens, 10:15, 17:20
Dw Sef Llc,DWSEF,DWSF,United States,United States Dollar,America/New_York, 09:30, 16:00
Berner Kantonalbank Otc-x,OTC-X,OTXB,Switzerland,Swiss Franc,Europe/Zurich, 09:00, 17:30
Cboe Europe - Lis Service (nl),CBOE EU LIS,LISZ,Netherlands,Euro,Europe/Amsterdam, 09:00, 17:40
Miax Pearl Equities Exchange Dark,EPRD,EPRD,United States,United States Dollar,America/New_York, 09:30, 16:00
Sparebank 1 Markets - Systematic Internaliser,SB1M,SB1M,Norway,Norwegian Krone,Europe/Copenhagen, 09:00, 17:00
Global Commodities Exchange,GCX,XGCX,United Kingdom,British Pound Sterling,Europe/London, 08:00, 16:00
Ipsx Wholesale,IPSX,IPXW,United Kingdom,British Pound Sterling,Europe/London, 08:00, 16:00
Hong Kong Growth Enterprises Market,HK GEM,XGEM,Hong Kong,Hong Kong Dollar,Asia/Hong_Kong, 09:20, 16:00
Vontobel Liquidity Extender,VLEX,VLEX,Switzerland,Swiss Franc,Europe/Zurich, 09:00, 17:30
Virtu Financial Ireland Limited - Otc,VIRTU OTC,VFXO,Ireland,Euro,Europe/Dublin, 08:00, 16:30
Japan Exchange Group,JPX,XJPX,Japan,Japanese Yen,Asia/Tokyo, 09:00, 15:00
Ipsx,IPSX,IPSX,United Kingdom,British Pound Sterling,Europe/London, 08:00, 16:00
State Street Bank International Fx - Systematic Internaliser,SSBI,SSBM,Germany,Euro,Europe/Berlin, 08:00, 20:00
Options Price Reporting Authority,OPRA,OPRA,United States,United States Dollar,America/New_York, 09:30, 16:00
"Sg Americas Securities, Llc",SGAS,SGAS,United States,United States Dollar,America/New_York, 09:30, 16:00
Nex Sef,NSL,NEXS,United Kingdom,British Pound Sterling,Europe/London, 08:00, 16:00
Mercado Abierto Electronico S.a.,MAE,XMAB,Argentina,Argentine Peso,America/Argentina/Buenos_Aires, 11:00, 17:00
Cboe Europe - Regulated Market Integrated Book (nl),CBOE EU REGM LIT,BEUT,Netherlands,Euro,Europe/Amsterdam, 09:00, 17:40
Credit Suisse Securities (europe) Limited - Systematic Internaliser,CSSEL SI,SICS,United Kingdom,British Pound Sterling,Europe/London, 08:00, 16:00
Osl Digital Securities Exchange,OSLDS,OSDS,Hong Kong,Hong Kong Dollar,Asia/Hong_Kong, 09:20, 16:00
Tradegate Exchange - Regulierter Markt,TGAG,XGRM,Germany,Euro,Europe/Berlin, 08:00, 20:00
Interactive Brokers Llc - Ats,IATS,IATS,United States,United States Dollar,America/New_York, 09:30, 16:00
Jump Liquidity,JLQD,JLQD,United States,United States Dollar,America/New_York, 09:30, 16:00
Asx - All Markets,ASX,XASX,Australia,Australian Dollar,Australia/Melbourne, 10:00, 16:00
Bolsa De Comercio De Buenos Aires,BCBA,XBUE,Argentina,Argentine Peso,America/Argentina/Buenos_Aires, 11:00, 17:00
Kcg Acknowledge Fi,ACKFI,ACKF,United States,United States Dollar,America/New_York, 09:30, 16:00
Wall Street Access,WSAG,WSAG,United States,United States Dollar,America/New_York, 09:30, 16:00
Lme Clear,LMEC,LMEC,United Kingdom,British Pound Sterling,Europe/London, 08:00, 16:00
Cboe Stock Exchange,CBSX,CBSX,United States,United States Dollar,America/New_York, 09:30, 16:00
Cassa Di Compensazione E Garanzia Spa - Ccp Equity Derivatives,CCGEQUITYDER,CGQD,Italy,Euro,Europe/Rome, 09:00, 17:25
Market For Investment Vehicles,MIV,MIVX,Italy,Euro,Europe/Rome, 09:00, 17:25
Trad-x,TRAD-X,TRDX,United Kingdom,British Pound Sterling,Europe/London, 08:00, 16:00
Credit Suisse Aktiengesellschaft,CSD,CSDA,Germany,Euro,Europe/Berlin, 08:00, 20:00
Svenska Handelsbanken Ab - Systematic Internaliser,SVEX,SVES,Sweden,Swedish Krona,Europe/Oslo, 09:00, 16:30
Nasdaq Midpoint-elo (m-elo),MELO,MELO,United States,United States Dollar,America/New_York, 09:30, 16:00
Instinet Blockcross Ats,BLKX,BLKX,United States,United States Dollar,America/New_York, 09:30, 16:00
New York Stock Exchange,NYSE,XNYS,United States,United States Dollar,America/New_York, 09:30, 16:00
National Association of Securities Dealers Automated Quotations,NASDAQ,XNAS,United States,United States Dollar,America/New_York, 09:30, 16:00
